folder,name,semester,description
CHE101L - General Chemistry Lab,General Chemistry Lab,Spring 2025,Lab data and graphs (moles vs heat).
CSE225 - Data Structures and Algorithms,Data Structures and Algorithms,Spring 2023,Study notes on hash tables and blockchain.
CSE225L - Data Structures and Algorithms Lab,Data Structures and Algorithms Lab,Spring 2023,"C++ lab assignments: classes, sorted lists, queues and stacks."
CSE299 - Junior Project Design,Junior Project Design,Spring 2025,Individual progress report for the Helper for NSUer project.
CSE331 - Microprocessor Interfacing and Embedded Systems,Microprocessor Interfacing and Embedded Systems,Summer 2024,"ARM assembly assignment, individual project and final-exam Q&A notes."
CSE331L - Microprocessor Interfacing and Embedded Systems Lab,Microprocessor Interfacing and Embedded Systems Lab,Summer 2024,ARM assembly lab tasks.
CSE373 - Design and Analysis of Algorithms,Design and Analysis of Algorithms,Fall 2025,Assignment analysing sorting algorithms.
CSE411 - Advanced Database Systems,Advanced Database Systems,Fall 2025,MongoDB assignment and notes on query processing and concurrency.
CSE425 - Concepts of Programming Languages,Concepts of Programming Languages,Summer 2025,Assignment: a C program that tokenizes C statements.
CSE445 - Machine Learning,Machine Learning,Summer 2026,Literature review for the bank term-deposit prediction project.
CSE465 - Pattern Recognition and Neural Networks,Pattern Recognition and Neural Networks,Fall 2025,Notes on attention models.
ECO101 - Introduction to Microeconomics,Introduction to Microeconomics,Summer 2024,Chapter 1 problem solving.
ENG111 - Public Speaking,Public Speaking,Spring 2026,Informative speech outline on equal opportunities.
ENV203 - Introduction to Geography,Introduction to Geography,Summer 2023,Course notes.
HIS102 - Introduction to World Civilization,Introduction to World Civilization,Spring 2024,Notes on the Neolithic Urban Revolution.
HIS103 - Emergence of Bangladesh,Emergence of Bangladesh,Spring 2023,Assignment on the Bengali nationalism movement.
MAT125 - Introduction to Linear Algebra,Introduction to Linear Algebra,Spring 2023,Linear algebra assignments.
MAT250 - Calculus and Analytical Geometry III,Calculus and Analytical Geometry III,Summer 2026,Worked solutions: double integrals in polar coordinates.
PHY107 - Physics I,Physics I,Spring 2023,Assignment 1.
PHY108 - Physics II,Physics II,Summer 2023,Handwritten assignments 1-4.
POL101 - Introduction to Political Science,Introduction to Political Science,Spring 2024,Notes on political science and political parties in Bangladesh.
